id,name,date,importance
10104,SFU Red Flash Rally,2024-11-09,1.3758610877064132
10058,Blue Devil Invitational,2024-11-08,1.4979194146843806
10046,Hokie Open,2024-11-08,4.0446090308913627
9651,2024 LVC Last Chance Run Fast,2024-10-25,2.483200856305362
9648,CCSU Mini Meet,2024-10-25,1.320845117856862
9669,EMU Fall Classic,2024-10-25,2.2884435903350394
9677,Haverford Invitational,2024-10-25,3.121650621309306
9673,John Elders Titan Invite,2024-10-25,4.5395797030249354
9658,John Reif Memorial Run,2024-10-25,2.8499494651045367
9663,Sasquatch Open,2024-10-25,2.291611945210633
9634,Wild Bill Invite,2024-10-25,3.1361594149109456
9801,Mount Marty XC Invite,2024-10-24,3.215732277941776
9683,Utah Open 2024,2024-10-24,4.443023072588003
9599,2024 Vermont Fall Foliage Invitational,2024-10-20,2.8030023563102167
9513,Army-Navy Star Series Meet,2024-10-19,2.4980463955802126
9530,Aubrey Shenk Invitational,2024-10-19,3.640624083980506
9510,Canisius Alumni Classic,2024-10-19,2.054509796157051
9516,Connecticut College Invitational,2024-10-19,3.3999479500588375
9579,Drews/Neubauer Invitational,2024-10-19,3.534630601905834
9535,Highlander Invitational,2024-10-19,4.0934565726969275
9608,LC State Invite,2024-10-19,2.742468241434986
9750,Linfield George Oja Invitational,2024-10-19,3.433319207060449
9532,Panorama Farms Invitational,2024-10-19,5.5197642288663715
9524,Roanoke XC Invitational/ODAC Preview,2024-10-19,3.292676976666427
9571,Santa Clara Bronco Invitational,2024-10-19,4.9792193758543355
9509,Upstate Invite,2024-10-19,3.5933236361804175
9521,Weis-Crockett Invitational,2024-10-19,2.952444723198799
9562,Wisconsin Pre-Nationals,2024-10-19,9.710165357156552
9505,2024 ADIDAS/Winthrop Cross Country Invitational,2024-10-18,3.042844104161583
9487,2024 Platte River Rumble Collegiate,2024-10-18,3.1796275379676775
9451,Angel Mounds Invitational 2024,2024-10-18,3.344251467180051
9449,Arturo Barrios Invitational,2024-10-18,6.701001380201917
9454,Bison Invite,2024-10-18,2.562679677052543
9492,Bradley Pink Classic,2024-10-18,2.220343049737638
9445,Crimson Classic,2024-10-18,4.557063713288964
9461,Elon Phoenix XC Invitational,2024-10-18,2.8332817851260135
9614,Falcon Collegiate Invitational,2024-10-18,2.4224194653041184
9501,Golden Eagle Invitational,2024-10-18,2.391435640378116
9616,Jenna Strong CC Fall Classic,2024-10-18,2.577684171621313
9443,Princeton Fall Classic,2024-10-18,7.62735009806795
9456,The Watson Collegiate XC Classic 2024,2024-10-18,4.12103534183575
9499,UTC Home CC Meet 2024,2024-10-18,2.326476351024085
9389,CMU Invitational,2024-10-12,2.728829470297209
9366,NJIT Highlander XC Challenge,2024-10-12,2.544212740725376
9365,Sand Shark Invitational,2024-10-12,2.496238111168572
9376,UAH Chargers XC Invitational,2024-10-12,3.172348140620604
9420,West Side Classic,2024-10-12,3.7650787969627295
9328,12th Annual Bruce Kirsh Cross Country Cup,2024-10-11,3.015190699707908
9341,2024 Colorado Springs XC Open,2024-10-11,3.065294646338293
9345,Bill Dellinger Invitational,2024-10-11,7.468022975582963
9348,Coach Caslin Classic,2024-10-11,3.2648533456522695
9324,FSU XC Invitational,2024-10-11,4.209396274799212
9344,Lancer Pink Invitational,2024-10-11,3.2393402391461157
9335,Marauders Invite #2,2024-10-11,2.939812692181346
9337,Royals Challenge,2024-10-11,3.037852622965163
9356,San Francisco State Invitational,2024-10-11,2.929160291019947
9424,Steve Reeder Memorial,2024-10-11,2.816224846670262
9357,Tiger XC Invite,2024-10-11,2.3423001436160855
9299,PVAMU Clifton Gillard Cross Country,2024-10-10,1.9319054695810791
9253,24th Annual Warrior Invitational,2024-10-05,3.9447882225722353
9255,49th Charles Bowles Willamette XC Invitational - COLLEGE TEAMS,2024-10-05,2.7012782240768445
9276,Ave Maria Invitational,2024-10-05,2.2303729932304615
9291,Belhaven Invitational,2024-10-05,2.9048692789946235
9295,DBU Old Glory Gallop,2024-10-05,2.222749978506037
9251,Keene State College Invitational,2024-10-05,3.694852157358329
9262,Lehigh Paul Short Run (College),2024-10-05,5.178024575502244
9174,Louisiana Tech Mook 4,2024-10-05,2.5683373131040708
9246,Louisville Classic,2024-10-05,4.569897404465731
9170,Newberry XC Invite,2024-10-05,2.6744518275607687
9239,Ted Castaneda XC Classic,2024-10-05,2.5333715246879027
9628,The Master's University Cross Country Invitational,2024-10-05,2.370745441050748
9241,Whitman XC Invite,2024-10-05,3.6092515943223358
9201,2024 Pirate Cross Country Invitational,2024-10-04,3.262587813844053
9188,D3 Pre-Nationals,2024-10-04,1.190433669379763
9195,Georgia Tech XC Invitational,2024-10-04,3.137090938692028
9222,Great American XC Festival,2024-10-04,2.9800321320526013
9225,Joe Piane Notre Dame Invitational,2024-10-04,8.187700706447649
9316,SDSU Classic,2024-10-04,2.2641442015611517
9208,Sean Earl Loyola Lakefront Invite,2024-10-04,3.1535392384390226
9191,UW-Eau Claire Blugold Invitational,2024-10-04,2.273940268481178
9235,Yellowjackets/Battlin' Bears Open,2024-10-04,2.8011394539249603
9123,2024 Cougar Challenge,2024-09-28,5.102791386099731
9072,23rd Annual LHU XC Invitational/Open,2024-09-28,2.909173519316941
9149,6th Annual Nicholls XC Invitational presented by Walk-On's,2024-09-28,2.481040279775979
9158,Brown Bear Invitational,2024-09-28,2.573700026662689
9057,Calvin Knight Invite,2024-09-28,2.569050734580235
9120,Chile Pepper XC Festival,2024-09-28,5.67423582178094
9066,Cowboy Jamboree,2024-09-28,7.250090244825028
9087,Dave Murray Invitational,2024-09-28,4.037778600927548
9058,Harry F. Anderson Invitational,2024-09-28,2.833601379549302
9136,McNeese Cowboy Stampede,2024-09-28,1.335570285829786
9138,Trevecca/ Michael Pretorius Memorial,2024-09-28,2.2257274830849134
9030,Gans Creek Classic,2024-09-27,6.564150420902964
9050,NMJC Invitational II,2024-09-27,1.1094386288566502
9033,Nuttycombe Invitational,2024-09-27,9.152847843651189
9160,RPI Harvest Classic XC Invite,2024-09-27,1.9344891341311983
9022,2024 Greeno/Dirksen Cross Country Invitational,2024-09-21,2.445160719282263
8939,2024 Lafayette vs Lehigh Dual Meet,2024-09-21,1.4470196307938585
8933,2024 Roadrunners invitational,2024-09-21,2.36044257608187
8940,43rd Annual UCR Cross Country Invitational,2024-09-21,4.321577070098807
8970,Brevard XC Classic,2024-09-21,2.642453226154533
8928,Codfish Bowl,2024-09-21,2.569984605629849
8938,Converse Kick-Off (SE Regional Preview),2024-09-21,3.646919838620859
8984,Embry-Riddle Cross Country Classic - Colleges,2024-09-21,2.688192368753956
8917,Equality Invitational,2024-09-21,2.2994697034125333
8923,Firehawk Invitational,2024-09-21,4.069064084380029
8929,John McNichols Invitational,2024-09-21,4.05397190217829
8976,Julius Johnson Invitational,2024-09-21,2.439019613443857
8920,Purple Valley XC Invite,2024-09-21,1.8558314088815187
8944,Rhodes Cross Country Invitational,2024-09-21,2.493503326295485
8915,SLU Billiken XC Invitational,2024-09-21,2.48980891111127
8953,Soaring Hawk Invitational,2024-09-21,2.0293859501748543
8956,Ted Owen Invitational,2024-09-21,2.440354642623826
8993,UMass Dartmouth Cross Country Invitational,2024-09-21,1.848453650229883
8946,Yellowjacket XC Invitational,2024-09-21,1.974671607020951
9039,YSU NCAA Collegiate Inaugural Alumni Cross Country Meet,2024-09-21,1.49450405768177
8901,2024 Big Sky Preview Meet,2024-09-20,2.8360826119447284
8881,2024 Herb Lorenz XC Invitational,2024-09-20,2.9209104895999487
8898,2024 Mastodon Alumni Open,2024-09-20,2.6222189582280295
8879,2024 National Catholic Invitational (Notre Dame),2024-09-20,2.217780669195457
8871,adidas XC Challenge,2024-09-20,4.111001307742063
8885,All Ohio Intercollegiate XC Classic,2024-09-20,2.705993586808747
8895,Bradley Intercollegiate,2024-09-20,1.560577175994513
8857,CCC Preview Meet,2024-09-20,1.6176937035245134
8850,George Dales Invite,2024-09-20,1.951357698188013
8852,Hokie Invitational,2024-09-20,2.0405383619143826
8856,Jaguar Invitational,2024-09-20,2.4202447741165267
8905,Main Line Invitational,2024-09-20,2.46061475750691
8862,NMJC Invitational,2024-09-20,2.953149005194949
8908,Pacific Invitational (WCC Preview),2024-09-20,3.6765596156792264
8875,Roy Griak Invitational,2024-09-20,6.636567883006159
8854,Stetson XC Invitational,2024-09-20,2.3862620190742074
8896,University of Montana Cross Country Invitational,2024-09-20,2.929812938651054
8746,2024 Mike & Mary Johnson Classic,2024-09-14,1.816180471223763
8830,2024 UNM Lobo XC Invitational (COLLEGIATE),2024-09-14,3.3477679754532805
8753,Daemen Alumni Invitational,2024-09-14,2.4953116601619754
8810,Furman Invitational,2024-09-14,4.531960130689985
8790,Gator Cross,2024-09-14,4.1994505527685675
8747,Jasper Fall XC Invitatioal,2024-09-14,3.068540398555995
8840,Jessup Jamboree,2024-09-14,2.2419949910232626
8756,Maribel Sanchez Souther Invite,2024-09-14,2.1229835333425733
8742,Osprey Open,2024-09-14,2.689794584249347
8792,Robert Morris University Colonial Cross  Country Invitational,2024-09-14,2.903856949216455
8759,Stump Invitational,2024-09-14,2.5573123764503696
8775,UT Martin OVC Preview,2024-09-14,2.5165018411100313
8778,Virginia Invitational,2024-09-14,4.284033620147201
8774,We Fly 2024 Preview Cross Country Challenge,2024-09-14,2.522196805317147
8727,2024 Auto-Owners Spartan Invitational,2024-09-13,4.042030946124989
8708,2024 Autumn Classic,2024-09-13,3.7066927704165527
8823,48th Rice Invitational,2024-09-13,3.9480563316536625
8686,Biola Invitational,2024-09-13,3.066294228359288
8700,Chanticleer Challenge,2024-09-13,2.434669597948596
8845,Cougar Classic,2024-09-13,4.186603254386531
8817,DSU Sting Invite,2024-09-13,2.8617428708486257
8730,Fighting Illini Big Ten Preview,2024-09-13,3.9488034006818022
8697,Firetower Project CC,2024-09-13,2.5096112911860855
8689,Harry Groves Spiked Shoe Invitational,2024-09-13,3.540086986797064
8692,Iona Br. Paddy Doyle Meet of Champions,2024-09-13,2.936735110649617
8702,LSU Cross Country Invitational 2024,2024-09-13,2.7361058171216963
8721,MSU Moorhead Dragon Twilight Invitational,2024-09-13,1.881248858687858
8821,Queen City Invite,2024-09-13,1.994103222113699
8704,Redbird Invitational,2024-09-13,2.370714746785275
8694,Southern Showcase (University/College),2024-09-13,4.492449056091267
8734,Steve Guymon XC Invite,2024-09-13,2.430916426443726
8691,Texas A&M XC Invitational,2024-09-13,4.554861885608813
8825,Texas Tech Open,2024-09-13,3.296618188852191
8818,The CNU XC Invitational,2024-09-13,1.543890776561915
8715,UIW Invitational,2024-09-13,1.142903619078453
8709,UNF 5K Cross Country Challenge,2024-09-13,2.398339618483949
8616,2024 LVC Dutchmen XC Invite,2024-09-07,2.801215776143046
8564,Cantello Invitational,2024-09-07,3.013546688947621
8585,Fordham Fiasco 2024,2024-09-07,2.224319904317573
8650,Franklin College Grizzly XC Invitational,2024-09-07,3.030707735378345
8646,Gerald Richey UTA XC Invite,2024-09-07,2.80310869884934
8618,Lancer Home Open,2024-09-07,2.402924698371983
8602,LIU Fall Festival,2024-09-07,2.602763606610445
8559,Shawn M. Nassaney XC Invitational,2024-09-07,2.038322728119369
8557,Trevecca Opener,2024-09-07,3.2387044829368006
8640,UNA Invitational,2024-09-07,2.1518379380303685
8595,University of Hartford XC Invitational,2024-09-07,2.736741804005672
8576,UT-Tyler XC Opener,2024-09-07,2.193357194550181
8571,Wichita State JK Gold Classic,2024-09-07,2.651955838716956
8538,2024 Platte River Rumble - Gold,2024-09-06,2.8566438002267307
8499,2024 Providence Friar X-C Invitational,2024-09-06,3.021644087020014
8445,3rd Annual Phoenix Open,2024-09-06,2.899772604924724
8447,Augie Twilight,2024-09-06,2.350573882350895
8532,Badger Classic,2024-09-06,2.188727526251741
8491,Dolan Duals,2024-09-06,2.837395127089341
8475,Eye Opener XC Meet,2024-09-06,2.158179468858993
8535,Friday Night Lights Elon XC Opener,2024-09-06,2.028674530468967
8487,Harvard Yale XC 2024,2024-09-06,2.2462557749003946
8489,Huskie Opener,2024-09-06,3.2988094054918364
8477,Irvine Invitational,2024-09-06,3.863606640066167
8466,Jersey Jam,2024-09-06,3.5450554974616595
8493,Lafayette XC Invitational,2024-09-06,2.9744625637489324
8482,Marauders Invite,2024-09-06,3.465896106237566
8504,Mike Baumer XC Classic,2024-09-06,2.689834936282993
8638,THE OPENER: 2024,2024-09-06,2.829904761355022
8507,Vic Godfrey Open,2024-09-06,2.7721551262609077
8479,Virginia Tech Invitational,2024-09-06,3.9634305866163437
8526,Wilmington Beach Blast 5k,2024-09-06,2.852122431863246
8203,10th Annual Wheaton & Babson Season-Opener,2024-08-31,2.12790517441876
8212,2024 Bob Timmons Rim Rock XC Classic,2024-08-31,3.075424402770188
8420,2024 Lori Fitzgerald Open,2024-08-31,2.063560483995477
8219,2024 Spider Alumni Open,2024-08-31,4.182202002311724
8224,2024 Vermont XC Invitational,2024-08-31,3.2482134074840503
8216,28th ANNUAL SALISBURY UNIVERSITY FALL CLASSIC,2024-08-31,2.369055412147965
8429,City Auto MEMPHIS TWILIGHT XC CLASSIC,2024-08-31,2.041888161939968
8239,Colgate Harry Lang Invitational,2024-08-31,2.3671168153063387
8226,Father Bede Invitational,2024-08-31,2.9698917961065416
8425,George Kyte Classic,2024-08-31,2.946977737368051
8246,Ken O'Brien Minumteman Invitational,2024-08-31,2.953907765938419
8229,Linfield Harrier Classic,2024-08-31,2.249909467718168
8241,Marist Invitational,2024-08-31,3.6624531713694966
8233,Mark Covert Classic,2024-08-31,3.94944956375621
8431,St. Norbert College Tom Barry Invitational,2024-08-31,2.3213743268298686
8422,Stony Brook Season Opener,2024-08-31,2.542445526469389
8209,TCU John McKenzie Invitational,2024-08-31,2.7111945717858372
8205,UCA Bear XC Invitational,2024-08-31,3.273039933466201
8238,UMES Hawks Season Open,2024-08-31,2.772536032906398
8418,Utah State Alumni Challenge,2024-08-31,3.3184052367393386
8317,2024 Battle For New Orleans XC Opener,2024-08-30,2.7783764778404247
8325,2024 Liberty XC  Challenge,2024-08-30,2.3686053462313037
8388,2024 UVU XC Collegiate Invitational,2024-08-30,3.9722494121005587
8319,2024 Wyoming Invite,2024-08-30,4.2318760090878818
8259,41st Annual Queen City Invitational,2024-08-30,2.6405705726785698
8436,ACU Naimadu Classic,2024-08-30,2.2302628770286432
8390,AFXC Classic,2024-08-30,1.581214453407581
8408,Azalea City Classic,2024-08-30,2.632778181619056
8375,Baltimore Metro Meet,2024-08-30,3.1491172067253315
8336,Belmont Opener,2024-08-30,3.4626148665912555
8434,Bobcat Twilight,2024-08-30,3.6787402354293146
8381,Charleston Southern Buccaneer Open,2024-08-30,3.114094911386882
8439,Charlotte Opener,2024-08-30,2.9063283278736733
8265,Clash of the Inland Northwest,2024-08-30,2.8398766341957
8334,Covered Bridge Open,2024-08-30,2.9834554806239906
8269,Cowboy Preview,2024-08-30,3.9147674974285438
8354,Coyote XC Invite,2024-08-30,2.5127660998243995
8331,Cyclone Preview,2024-08-30,2.5195509491378756
8289,Duke v. NC A&T Dual Meet,2024-08-30,2.2654150686333483
8411,EIU Walt Crawford Open,2024-08-30,3.401257934050218
8323,EKU tri-meet,2024-08-30,2.2974993225157094
8372,Florida Atlantic University Collegiate Cross Country Invitational,2024-08-30,3.595233635943362
8299,Foothills Invitational,2024-08-30,3.271690284623548
8399,Hawkeye Cross Country Invitational,2024-08-30,3.5867045252097856
8405,Jeff Drenth Memorial,2024-08-30,2.203498733533935
8406,Kennesaw State Stan Sims Cross Country Opener,2024-08-30,1.385599667494338
8396,Lehigh Invitational,2024-08-30,4.23500694841032
8288,Maine-Army,2024-08-30,2.262044671616972
8352,McNeese StateOpener,2024-08-30,1.98863230608299
8263,Michigan Open,2024-08-30,2.6465352300506444
8327,Mizzou Opener,2024-08-30,2.4805859147172677
8367,Mount St. Mary's 5k Duals,2024-08-30,1.2672919793218202
8276,NPU/CUC invite,2024-08-30,2.533951796296631
8339,Opener at the Seashore,2024-08-30,2.120413669843154
8370,Oz Memorial,2024-08-30,2.536387702653078
8329,Panthers Opener,2024-08-30,2.9263024136754936
8377,Ron Pynn Classic,2024-08-30,2.385915083667498
8311,Sam Bell Invitational,2024-08-30,3.2368030395381906
8343,San Francisco Invitational,2024-08-30,2.002959734791201
8347,SEMO Redhawks XC Invite,2024-08-30,2.843729232028748
8361,Stormy Seas Opener,2024-08-30,2.8305541095482933
8261,Temple Owls XC invitational,2024-08-30,1.9095734855858906
8274,Tennessee Cross Country Invitational,2024-08-30,2.5993262033500155
8304,Terry Masterson Twilight Classic,2024-08-30,2.968481952471646
8438,Thundering Herd XC Invitational,2024-08-30,1.7002376855651296
8395,Tommy Evans Cross Country Invitational,2024-08-30,2.238009055161074
8297,UCF XC Opener,2024-08-30,3.433667625976347
8306,UIW Twilight,2024-08-30,3.2481028247616206
8544,Wake Forest vs. UNC-Greensboro,2024-08-30,2.0953156003907685
8341,Waves Invite,2024-08-30,2.7270189085695224
8357,Winrow-Valparaiso Open,2024-08-30,2.6255170417732834
8308,WSU Alumni Open,2024-08-30,2.081956530199242
