id,team,color,logo,overall,conference,region
42,Arkansas,#9f1c34,https://logos.tfrrs.org/arkansas.png,93,SEC,DI South Central Region
1340,BYU,#061c49,https://logos.tfrrs.org/byu.png,93,Big 12,DI Mountain Region
325,Oklahoma State,#703404,https://logos.tfrrs.org/oklahoma-state.png,92,Big 12,DI Midwest Region
320,Iowa State,#8d2532,https://logos.tfrrs.org/iowa-state.png,91,Big 12,DI Midwest Region
1085,New Mexico,#cb1e49,https://logos.tfrrs.org/new-mexico.png,91,Mountain West,DI Mountain Region
949,North Carolina,#0b172b,https://logos.tfrrs.org/north-carolina.png,90,ACC,DI Southeast Region
946,Wake Forest,#8b7443,https://logos.tfrrs.org/wake-forest.png,89,ACC,DI Southeast Region
249,Alabama,#ab1a3d,https://logos.tfrrs.org/alabama.png,89,SEC,DI South Region
1775,Stanford,#9c1313,https://logos.tfrrs.org/stanford.png,88,ACC,DI West Region
796,Northern Arizona,#04305e,https://logos.tfrrs.org/northern-arizona.png,88,Big Sky,DI Mountain Region
945,Virginia,#e8551e,https://logos.tfrrs.org/virginia.png,87,IC4A/ECAC,DI Southeast Region
943,Notre Dame,#130f07,https://logos.tfrrs.org/notre-dame.png,89,ACC,DI Great Lakes Region
2436,Wisconsin,#b40404,https://logos.tfrrs.org/wisconsin.png,87,Big Ten,DI Great Lakes Region
1345,Villanova,#1b2560,https://logos.tfrrs.org/villanova.png,87,IC4A/ECAC,DI Mid-Atlantic Region
32,Harvard,#9e2136,https://logos.tfrrs.org/harvard.png,90,NEICAAA,DI Northeast Region
34,Washington,#2c336c,https://logos.tfrrs.org/washington.png,86,Big Ten,DI West Region
1314,Eastern Kentucky,#4b141c,https://logos.tfrrs.org/eastern-kentucky.png,85,ASUN,DI Southeast Region
35,Syracuse,#252758,https://logos.tfrrs.org/syracuse.png,85,IC4A/ECAC,DI Northeast Region
1892,CBU,#142454,https://logos.tfrrs.org/CBU.png,87,WAC,DI West Region
1642,Oregon,#0f6e48,https://logos.tfrrs.org/oregon.png,85,Big Ten,DI West Region
710,Colorado,#5f5332,https://logos.tfrrs.org/colorado.png,86,Big 12,DI Mountain Region
1344,Butler,#0a0a27,https://logos.tfrrs.org/butler.png,87,BIG EAST,DI Great Lakes Region
250,Ole Miss,#ce0c2c,https://logos.tfrrs.org/ole-miss.png,84,SEC,DI South Region
1837,Furman,#463592,https://logos.tfrrs.org/furman.png,84,Southern Conference,DI Southeast Region
695,Florida State,#692f3b,https://logos.tfrrs.org/florida-state.png,84,ACC,DI South Region
947,Virginia Tech,#640706,https://logos.tfrrs.org/virginia-tech.png,84,Big East (Old),DI Southeast Region
1217,Portland,#340771,https://logos.tfrrs.org/portland.png,84,WCC,DI West Region
739,Utah State,#16273a,https://logos.tfrrs.org/utah-state.png,84,Mountain West,DI Mountain Region
708,Wyoming,#442b1f,https://logos.tfrrs.org/wyoming.png,83,Mountain West,DI Mountain Region
2438,Princeton,#884e28,https://logos.tfrrs.org/princeton.png,83,Ivy League,DI Mid-Atlantic Region
1343,Montana State,#10146f,https://logos.tfrrs.org/montana-state.png,83,Big Sky,DI Mountain Region
135,Tulsa,#343f7a,https://logos.tfrrs.org/tulsa.png,83,The American,DI Midwest Region
2437,Michigan State,#1b433b,https://logos.tfrrs.org/michigan-state.png,83,Big Ten,DI Great Lakes Region
2440,Georgetown,#0d143a,https://logos.tfrrs.org/georgetown.png,83,IC4A/ECAC,DI Mid-Atlantic Region
775,Michigan,#121f30,https://logos.tfrrs.org/michigan.png,82,Big Ten,DI Great Lakes Region
1347,Indiana,#0a0405,https://logos.tfrrs.org/indiana.png,82,Big Ten,DI Great Lakes Region
1342,Iona,#7b3a44,https://logos.tfrrs.org/iona.png,84,Mets,DI Northeast Region
142,Tulane,#0f4234,https://logos.tfrrs.org/tulane.png,87,The American,DI South Central Region
33,Navy,#10192d,https://logos.tfrrs.org/navy.png,82,Patriot League,DI Mid-Atlantic Region
1084,Air Force,#04338b,https://logos.tfrrs.org/air-force.png,82,Mountain West,DI Mountain Region
3210,Colorado St.,#1b4b29,https://logos.tfrrs.org/colorado-state.png,81,Mountain West,DI Mountain Region
1086,Boise State,#28396a,https://logos.tfrrs.org/boise-state.png,82,Mountain West,DI West Region
1776,Purdue,#060606,https://logos.tfrrs.org/purdue.png,81,Big Ten,DI Great Lakes Region
752,Texas,#bb5304,https://logos.tfrrs.org/texas.png,81,SEC,DI South Central Region
258,Tennessee,#100a06,https://logos.tfrrs.org/tennessee.png,81,SEC,DI South Region
2439,Cal Poly,#0d201d,https://logos.tfrrs.org/cal-poly.png,80,Big West,DI West Region
1349,Cornell,#8a3623,https://logos.tfrrs.org/cornell.png,80,Ivy League,DI Northeast Region
944,NC State,#cc232f,https://logos.tfrrs.org/nc-state.png,82,ACC,DI Southeast Region
2265,Southern Utah,#b91525,https://logos.tfrrs.org/southern-utah.png,80,WAC,DI Mountain Region
259,Auburn,#0b264f,https://logos.tfrrs.org/auburn.png,80,SEC,DI South Region
330,Loyola (Ill.),#000000,https://logos.tfrrs.org/svgs/loyola-chicago.svg,84,Atlantic 10,DI Midwest Region
3252,Washington St.,#9b283c,https://logos.tfrrs.org/washington-state.png,79,WCC,DI West Region
46,Penn,#132456,https://logos.tfrrs.org/penn.png,85,Ivy League,DI Mid-Atlantic Region
251,Kentucky,#0d36a1,https://logos.tfrrs.org/kentucky.png,78,SEC,DI Southeast Region
331,Illinois State,#c12536,https://logos.tfrrs.org/illinois-state.png,78,Missouri Valley,DI Midwest Region
2441,Ohio State,#b60404,https://logos.tfrrs.org/ohio-state.png,78,Big Ten,DI Great Lakes Region
194,Penn State,#06193e,https://logos.tfrrs.org/penn-state.png,78,IC4A/ECAC,DI Mid-Atlantic Region
134,Cincinnati,#cd272e,https://logos.tfrrs.org/cincinnati.png,77,Big 12,DI Great Lakes Region
321,Minnesota,#7a0a1c,https://logos.tfrrs.org/minnesota.png,77,Big Ten,DI Midwest Region
2486,Utah Valley,#2f6241,https://logos.tfrrs.org/utah-valley.png,78,WAC,DI Mountain Region
254,Texas A&M,#460c0c,https://logos.tfrrs.org/texas-am.png,80,SEC,DI South Central Region
639,Mid. Tenn. State,#000000,https://logos.tfrrs.org/svgs/middle-tenn.svg,77,Conference USA,DI South Region
326,Illinois,#0f1e36,https://logos.tfrrs.org/illinois.png,77,Big Ten,DI Midwest Region
43,Providence,#7b7b7c,https://logos.tfrrs.org/providence.png,80,NEICAAA,DI Northeast Region
2303,Columbia,#0f5187,https://logos.tfrrs.org/columbia.png,77,Mets,DI Northeast Region
327,South Dakota St.,#152e75,https://logos.tfrrs.org/south-dakota-state.png,81,The Summit League,DI Midwest Region
1346,Yale,#143364,https://logos.tfrrs.org/yale.png,77,NEICAAA,DI Northeast Region
951,Louisville,#ec0f0d,https://logos.tfrrs.org/louisville.png,77,ACC,DI Southeast Region
1294,Toledo,#172348,https://logos.tfrrs.org/toledo.png,77,Mid-American,DI Great Lakes Region
344,Oklahoma,#831414,https://logos.tfrrs.org/oklahoma.png,77,SEC,DI Midwest Region
48,Umass Amherst,#482121,https://logos.tfrrs.org/umass.png,76,NEICAAA,DI Northeast Region
38,Army West Point,#1d1d1f,https://logos.tfrrs.org/army-west-point.png,76,Patriot League,DI Northeast Region
738,Weber State,#4c2c7b,https://logos.tfrrs.org/weber-state.png,76,Big Sky,DI Mountain Region
1878,Youngstown St.,#e31f37,https://logos.tfrrs.org/youngstown-state.png,76,Horizon League,DI Great Lakes Region
328,Bradley,#a60909,https://logos.tfrrs.org/bradley.png,76,Missouri Valley,DI Midwest Region
691,Lipscomb,#2f2449,https://logos.tfrrs.org/lipscomb.png,76,ASUN,DI South Region
948,Duke,#04539b,https://logos.tfrrs.org/duke.png,75,ACC,DI Southeast Region
40,Georgia Tech,#0b192e,https://logos.tfrrs.org/georgia-tech.png,77,ACC,DI South Region
952,Pittsburgh,#0e0f10,https://logos.tfrrs.org/pittsburgh.png,75,ACC,DI Mid-Atlantic Region
693,Belmont,#b83158,https://logos.tfrrs.org/belmont.png,75,Missouri Valley,DI South Region
694,North Florida,#161e46,https://logos.tfrrs.org/north-florida.png,81,ASUN,DI South Region
255,Florida,#e14d2b,https://logos.tfrrs.org/florida.png,75,SEC,DI South Region
213,Drake,#14355d,https://logos.tfrrs.org/drake.png,76,Missouri Valley,DI Midwest Region
2552,California,#082649,https://logos.tfrrs.org/california.png,78,ACC,DI West Region
1271,Incarnate Word,#cc333b,https://logos.tfrrs.org/incarnate-word.png,75,Southland Conference,DI South Central Region
755,TCU,#532d83,https://logos.tfrrs.org/tcu.png,75,Big 12,DI South Central Region
980,La Salle,#124b82,https://logos.tfrrs.org/la-salle.png,74,IC4A/ECAC,DI Mid-Atlantic Region
638,Charlotte,#04543c,https://www.tfrrs.org/rails/active_storage/blobs/redirect/eyJfcmFpbHMiOnsibWVzc2FnZSI6IkJBaHBDdz09IiwiZXhwIjpudWxsLCJwdXIiOiJibG9iX2lkIn19--ad7b1b58cf61036502f7edb1008be39b7f0b9728/unccharlotte.png,78,The American,DI Southeast Region
51,Boston College,#8b2433,https://logos.tfrrs.org/boston-college.png,75,NEICAAA,DI Northeast Region
2014,Appalachian State,#151312,https://logos.tfrrs.org/appalachian-state.png,75,Sun Belt,DI Southeast Region
324,Kansas,#0e53b6,https://logos.tfrrs.org/kansas.png,77,Big 12,DI Midwest Region
1886,Cal St. Fullerton,#083158,https://logos.tfrrs.org/cal-state-fullerton.png,73,MPSF,DI West Region
322,Iowa,#110f04,https://logos.tfrrs.org/iowa.png,76,Big Ten,DI Midwest Region
36,Stony Brook,#921113,https://logos.tfrrs.org/stony-brook.png,73,IC4A/ECAC,DI Northeast Region
256,Georgia,#bc2c48,https://logos.tfrrs.org/georgia.png,76,SEC,DI South Region
2608,Santa Clara,#7c3346,https://logos.tfrrs.org/santa-clara.png,75,WCC,DI West Region
41,Northeastern,#d82b43,https://www.tfrrs.org/rails/active_storage/blobs/redirect/eyJfcmFpbHMiOnsibWVzc2FnZSI6IkJBaHBEdz09IiwiZXhwIjpudWxsLCJwdXIiOiJibG9iX2lkIn19--b2a843bda9baa7366f1a9bd87dde90a8957f6711/image_handler.jpeg,73,NEICAAA,DI Northeast Region
2820,George Mason,#0c422c,https://logos.tfrrs.org/george-mason.png,74,IC4A/ECAC,DI Southeast Region
1351,Miami (Ohio),#b51c2c,https://logos.tfrrs.org/miami-ohio.png,74,Mid-American,DI Great Lakes Region
139,Temple,#9b1d34,https://logos.tfrrs.org/temple.png,72,The American,DI Mid-Atlantic Region
338,North Dakota State,#0c5542,https://logos.tfrrs.org/north-dakota-state.png,75,The Summit League,DI Midwest Region
1954,Stephen F. Austin,#3f2a64,https://logos.tfrrs.org/stephen-f-austin.png,72,Southland Conference,DI South Central Region
2350,Uc Riverside,#fcb41c,https://www.tfrrs.org/rails/active_storage/blobs/redirect/eyJfcmFpbHMiOnsibWVzc2FnZSI6IkJBaHBLQT09IiwiZXhwIjpudWxsLCJwdXIiOiJibG9iX2lkIn19--f35cc7ba06e6e74d3df17ba7364c8d29d0a29e73/Ligature__FulClr_BlueBG.png,73,MPSF,DI West Region
1310,Norfolk State,#0e8263,https://logos.tfrrs.org/norfolk-state.png,73,MEAC,DI Southeast Region
1087,Nevada,#041c44,https://www.tfrrs.org/rails/active_storage/blobs/redirect/eyJfcmFpbHMiOnsibWVzc2FnZSI6IkJBaHBOQT09IiwiZXhwIjpudWxsLCJwdXIiOiJibG9iX2lkIn19--792d47a99ce5eaac62e540ff86714560b3c990c5/Nevada_Wolf_Pack_logo.png,75,Mountain West,DI Mountain Region
323,Nebraska,#d20a0b,https://logos.tfrrs.org/nebraska.png,72,Big Ten,DI Midwest Region
1311,Uc Davis,#000000,none,73,Big West,DI West Region
136,Wichita State,#837540,https://logos.tfrrs.org/wichita-state.png,75,The American,DI Midwest Region
2087,Central Connecticut,#155b9e,https://logos.tfrrs.org/central-connecticut-state.png,71,NEICAAA,DI Northeast Region
109,Rice,#04437a,https://logos.tfrrs.org/rice.png,74,The American,DI South Central Region
2821,George Washington,#16283d,https://logos.tfrrs.org/george-washington.png,73,IC4A/ECAC,DI Mid-Atlantic Region
1308,IUPUI,#832023,https://logos.tfrrs.org/iupui.png,73,Horizon League,DI Great Lakes Region
1293,Arizona,#112344,https://logos.tfrrs.org/arizona.png,74,Big 12,DI West Region
1360,Charleston Southern,#123059,https://logos.tfrrs.org/charleston-southern.png,73,Big South,DI Southeast Region
339,Illinois-Chicago,#cc214a,https://logos.tfrrs.org/illinois-chicago.png,70,Missouri Valley,DI Midwest Region
49,Boston University,#150a0c,https://logos.tfrrs.org/boston-university.png,75,Patriot League,DI Northeast Region
2866,UMBC,#151004,https://logos.tfrrs.org/umbc.png,74,IC4A/ECAC,DI Mid-Atlantic Region
336,Oral Roberts,#0c1c44,https://logos.tfrrs.org/oralrobertsonblue.png,70,The Summit League,DI Midwest Region
2089,Maine,#af0434,https://logos.tfrrs.org/maine.png,72,NEICAAA,DI Northeast Region
648,Bucknell,#1f254f,https://logos.tfrrs.org/bucknell.png,70,Patriot League,DI Mid-Atlantic Region
1348,Eastern Michigan,#046c3c,https://logos.tfrrs.org/eastern-michigan.png,72,Mid-American,DI Great Lakes Region
1952,Texas A&M-Cc,#196fc4,https://logos.tfrrs.org/texas-am-corpus-christi.png,78,Southland Conference,DI South Central Region
2408,Akron,#1c2634,https://logos.tfrrs.org/akron.png,76,Mid-American,DI Great Lakes Region
649,St. Joseph'S (Pa.),#7f1624,https://logos.tfrrs.org/saint-josephs.png,69,IC4A/ECAC,DI Mid-Atlantic Region
647,American,#28448c,https://logos.tfrrs.org/american.png,71,Patriot League,DI Mid-Atlantic Region
341,North Dakota,#069843,https://logos.tfrrs.org/north-dakota.png,72,The Summit League,DI Midwest Region
137,Connecticut,#181529,https://logos.tfrrs.org/connecticut.png,68,NEICAAA,DI Northeast Region
2774,Monmouth,#0f2243,https://logos.tfrrs.org/monmouth.png,71,IC4A/ECAC,DI Mid-Atlantic Region
1295,Oakland,#8c7848,https://logos.tfrrs.org/oakland.png,73,Horizon League,DI Great Lakes Region
431,UC San Diego,#0c285a,https://logos.tfrrs.org/uc-san-diego.png,68,Big West,DI West Region
37,Dartmouth,#045c2c,https://logos.tfrrs.org/dartmouth.png,76,NEICAAA,DI Northeast Region
641,North Texas,#041307,https://logos.tfrrs.org/north-texas.png,75,The American,DI South Central Region
2036,Idaho State,#916a40,https://logos.tfrrs.org/idaho-state.png,69,Big Sky,DI Mountain Region
2190,Tarleton State,#442484,https://www.tfrrs.org/rails/active_storage/blobs/redirect/eyJfcmFpbHMiOnsibWVzc2FnZSI6IkJBaHBNdz09IiwiZXhwIjpudWxsLCJwdXIiOiJibG9iX2lkIn19--be5b39812f7dca362c1fe35dda11f10e23fa48de/Tarleton%20Primary.png,69,WAC,DI South Central Region
257,LSU,#41197b,https://logos.tfrrs.org/lsu.png,68,SEC,DI South Central Region
332,South Dakota,#a41717,https://logos.tfrrs.org/south-dakota.png,68,The Summit League,DI Midwest Region
1555,Eastern Washington,#a10423,https://logos.tfrrs.org/eastern-washington.png,70,Big Sky,DI West Region
2558,St. Mary'S (Cal.),#000000,https://logos.tfrrs.org/svgs/st-marys-ca.svg,68,WCC,DI West Region
1451,Jacksonville St.,#b93438,https://logos.tfrrs.org/jacksonville-state.png,67,Conference USA,DI South Region
2823,Binghamton,#0c372b,https://logos.tfrrs.org/binghamton.png,72,IC4A/ECAC,DI Northeast Region
253,Vanderbilt,#5c491d,https://logos.tfrrs.org/vanderbilt.png,72,SEC,DI South Region
340,Depaul,#e31c34,https://www.tfrrs.org/rails/active_storage/blobs/redirect/eyJfcmFpbHMiOnsibWVzc2FnZSI6IkJBaHBBakVDIiwiZXhwIjpudWxsLCJwdXIiOiJibG9iX2lkIn19--c8e5b45be47a31db14649a3fff43aaf9623eec46/DePaul_logo%20(1).png,67,BIG EAST,DI Midwest Region
334,Eastern Illinois,#2a4f90,https://logos.tfrrs.org/eastern-illinois.png,67,Ohio Valley,DI Midwest Region
2824,Colgate,#91092c,https://logos.tfrrs.org/colgate.png,67,Patriot League,DI Northeast Region
1291,Ohio,#153b1b,https://logos.tfrrs.org/ohio.png,66,Mid-American,DI Great Lakes Region
1315,Xavier (Ohio),#000000,https://logos.tfrrs.org/svgs/xavier.svg,67,BIG EAST,DI Great Lakes Region
699,Tennessee-Martin,#072c5b,https://logos.tfrrs.org/tennessee-martin.png,67,Ohio Valley,DI South Region
651,Lehigh,#4c2b14,https://logos.tfrrs.org/lehigh.png,66,Patriot League,DI Mid-Atlantic Region
329,Kansas State,#522b8a,https://logos.tfrrs.org/kansas-state.png,70,Big 12,DI Midwest Region
1307,Indiana State,#1a2137,https://logos.tfrrs.org/indiana-state.png,69,Missouri Valley,DI Great Lakes Region
1004,Southern Indiana,#112e5c,https://logos.tfrrs.org/southern-indiana.png,67,Ohio Valley,DI Great Lakes Region
1299,Lamar,#de1f39,https://logos.tfrrs.org/lamar.png,66,Southland Conference,DI South Central Region
670,Purdue Fort Wayne,#213c78,https://logos.tfrrs.org/purdue-fort-wayne.png,66,Horizon League,DI Great Lakes Region
754,Ut-Arlington,#15416b,https://logos.tfrrs.org/UT-Arlington.png,65,WAC,DI South Central Region
3207,New Mexico St.,#832f53,https://logos.tfrrs.org/new-mexico-state.png,65,Conference USA,DI Mountain Region
1205,North Alabama,#613777,https://logos.tfrrs.org/north-alabama.png,65,ASUN,DI South Region
345,Se Missouri,#c9152f,https://logos.tfrrs.org/southeast-missouri.png,66,Ohio Valley,DI Midwest Region
1917,Uc Santa Barbara,#1c165a,https://logos.tfrrs.org/uc-santa-barbara.png,70,Big West,DI West Region
697,South Alabama,#08205e,https://www.tfrrs.org/rails/active_storage/blobs/redirect/eyJfcmFpbHMiOnsibWVzc2FnZSI6IkJBaHBBcFVCIiwiZXhwIjpudWxsLCJwdXIiOiJibG9iX2lkIn19--c9caa1a338efad3c9b72a009df32ed12327ebde2/usa.png,69,Sun Belt,DI South Region
1730,Rhode Island,#120c4a,https://logos.tfrrs.org/rhode-island.png,68,NEICAAA,DI Northeast Region
2819,Richmond,#1f0609,https://logos.tfrrs.org/richmond.png,71,IC4A/ECAC,DI Southeast Region
1350,Dayton,#ca0d2c,https://logos.tfrrs.org/dayton.png,70,Atlantic 10,DI Great Lakes Region
1312,Central Michigan,#6d0c37,https://logos.tfrrs.org/central-michigan.png,65,Mid-American,DI Great Lakes Region
1880,Wis.-Green Bay,#297863,https://logos.tfrrs.org/green-bay.png,64,Horizon League,DI Great Lakes Region
39,Brown,#c40404,https://www.tfrrs.org/rails/active_storage/blobs/redirect/eyJfcmFpbHMiOnsibWVzc2FnZSI6IkJBaHBOdz09IiwiZXhwIjpudWxsLCJwdXIiOiJibG9iX2lkIn19--f901e1bcd8a6b9dc4891a955e929bd345200e47a/BROWN-Primary-darkBG.png,67,NEICAAA,DI Northeast Region
335,Northern Iowa,#4d146c,https://logos.tfrrs.org/northern-iowa.png,64,Missouri Valley,DI Midwest Region
1303,Central Arkansas,#4e317a,https://logos.tfrrs.org/central-arkansas.png,63,ASUN,DI South Central Region
3250,Little Rock,#7a3148,https://logos.tfrrs.org/arkansas-little-rock.png,66,Ohio Valley,DI South Central Region
1313,Wagner,#0b4839,https://logos.tfrrs.org/wagner.png,65,NEC,DI Northeast Region
1889,Long Beach St.,#090704,https://logos.tfrrs.org/long-beach-state.png,67,MPSF,DI West Region
47,New Hampshire,#121e44,https://logos.tfrrs.org/new-hampshire.png,65,NEICAAA,DI Northeast Region
1838,Western Carolina,#774299,https://logos.tfrrs.org/western-carolina.png,63,Southern Conference,DI Southeast Region
1361,Davidson,#b2192e,https://logos.tfrrs.org/davidson.png,63,Atlantic 10,DI Southeast Region
704,Chattanooga,#0b3054,https://logos.tfrrs.org/chattanooga.png,67,Southern Conference,DI South Region
1300,Abilene Christian,#562e73,https://logos.tfrrs.org/abilene-christian.png,72,WAC,DI South Central Region
2300,Fordham,#63172e,https://logos.tfrrs.org/fordham.png,65,Mets,DI Northeast Region
1808,Montana,#810734,https://logos.tfrrs.org/montana.png,66,Big Sky,DI Mountain Region
1362,Unc-Greensboro,#000000,https://logos.tfrrs.org/svgs/unc-greensboro.svg,62,Southern Conference,DI Southeast Region
702,Miami (Fla.),#055232,https://logos.tfrrs.org/miami-fla.png,64,ACC,DI South Region
701,Mercer,#613319,https://logos.tfrrs.org/mercer.png,63,Southern Conference,DI South Region
1887,Pepperdine,#0c2761,https://logos.tfrrs.org/pepperdine.png,64,WCC,DI West Region
1302,Texas State,#764946,https://logos.tfrrs.org/texas-state.png,63,Sun Belt,DI South Central Region
650,Lafayette,#703741,https://logos.tfrrs.org/lafayette.png,64,Patriot League,DI Mid-Atlantic Region
720,Kent State,#2a4a6d,https://logos.tfrrs.org/kent-state.png,63,Mid-American,DI Great Lakes Region
1276,Tamu-Commerce,#1f1808,https://logos.tfrrs.org/tamu-commerce.png,61,Southland Conference,DI South Central Region
1804,Arizona State,#861236,https://logos.tfrrs.org/arizona-state.png,64,Big 12,DI West Region
1805,Grand Canyon,#53239a,https://logos.tfrrs.org/grand-canyon.png,68,WAC,DI West Region
138,Memphis,#133584,https://logos.tfrrs.org/memphis.png,62,The American,DI South Region
1731,Holy Cross,#633188,https://logos.tfrrs.org/holy-cross.png,61,Patriot League,DI Northeast Region
1309,Milwaukee,#62552b,https://logos.tfrrs.org/milwaukee.png,61,Horizon League,DI Great Lakes Region
2881,Elon,#0b0b0b,https://logos.tfrrs.org/elon.png,61,IC4A/ECAC,DI Southeast Region
140,East Carolina,#572b85,https://logos.tfrrs.org/east-carolina.png,61,The American,DI Southeast Region
3222,Louisiana,#160505,https://logos.tfrrs.org/ULLafayette.png,60,Sun Belt,DI South Central Region
1449,Evansville,#55247f,https://logos.tfrrs.org/evansville.png,60,Missouri Valley,DI Great Lakes Region
1733,Merrimack,#09376a,https://logos.tfrrs.org/merrimack.png,62,NEICAAA,DI Northeast Region
1735,Stonehill,#3a327d,https://logos.tfrrs.org/stonehill.png,63,NEICAAA,DI Northeast Region
143,South Florida,#000000,https://logos.tfrrs.org/svgs/south-fla.svg,61,The American,DI South Region
1877,Wright State,#11683d,https://logos.tfrrs.org/wright-state.png,65,Horizon League,DI Great Lakes Region
2773,Marist,#c92b3f,https://logos.tfrrs.org/marist.png,65,Mets,DI Northeast Region
3067,Robert Morris,#1a264e,https://logos.tfrrs.org/robert-morris.png,63,IC4A/ECAC,DI Mid-Atlantic Region
1879,Detroit Mercy,#152e61,https://logos.tfrrs.org/detroit-mercy.png,59,Horizon League,DI Great Lakes Region
753,Baylor,#fcb424,https://www.tfrrs.org/rails/active_storage/blobs/redirect/eyJfcmFpbHMiOnsibWVzc2FnZSI6IkJBaHBMUT09IiwiZXhwIjpudWxsLCJwdXIiOiJibG9iX2lkIn19--3697081a0570e109cfa5d52ac9f5f2baa1eac751/BU-1%20Color-Baylor%20Gold.png,62,Big 12,DI South Central Region
52,Albany,#381e4f,https://logos.tfrrs.org/albany.png,62,IC4A/ECAC,DI Northeast Region
1777,Valparaiso,#5c330b,https://logos.tfrrs.org/valparaiso.png,66,Missouri Valley,DI Great Lakes Region
1584,Coastal Carolina,#287477,https://logos.tfrrs.org/coastal-carolina.png,58,Sun Belt,DI Southeast Region
2862,Loyola (Md.),#046b4c,https://logos.tfrrs.org/loyola-md.png,61,Patriot League,DI Mid-Atlantic Region
1204,Florida Gulf Coast,#1e606f,https://logos.tfrrs.org/florida-gulf-coast.png,57,ASUN,DI South Region
1365,N.C. Central,#88313e,https://logos.tfrrs.org/n-c-central.png,66,MEAC,DI Southeast Region
642,Marshall,#0a813d,https://logos.tfrrs.org/marshall.png,61,Sun Belt,DI Mid-Atlantic Region
1538,Radford,#0c243c,https://logos.tfrrs.org/radford.png,63,Big South,DI Southeast Region
1953,Mcneese State,#175a9c,https://logos.tfrrs.org/mcneese-state.png,65,Southland Conference,DI South Central Region
1924,CSUN,#d42434,https://logos.tfrrs.org/CSUN.png,61,MPSF,DI West Region
1448,Morehead State,#045ba8,https://logos.tfrrs.org/morehead-state.png,57,Ohio Valley,DI Southeast Region
2266,Sacramento St.,#0f3827,https://logos.tfrrs.org/sacramento-state.png,55,Big Sky,DI West Region
346,Western Illinois,#3b216f,https://logos.tfrrs.org/western-illinois.png,67,Ohio Valley,DI Midwest Region
333,Kansas City,#437cbc,https://logos.tfrrs.org/kcroos.png,59,The Summit League,DI Midwest Region
690,East Tenn. St.,#000000,https://logos.tfrrs.org/svgs/east-tenn-st.svg,71,Southern Conference,DI South Region
2511,VMI,#0d0505,https://logos.tfrrs.org/vmi.png,60,Southern Conference,DI Southeast Region
2473,St. Bonaventure,#592d21,https://logos.tfrrs.org/st-bonaventure.png,61,Atlantic 10,DI Northeast Region
1471,Bowling Green,#e8540e,https://logos.tfrrs.org/bowling-green.png,56,Mid-American,DI Great Lakes Region
343,Siu Edwardsville,#c0684d,https://logos.tfrrs.org/siue.png,53,Ohio Valley,DI Midwest Region
2433,Usc Upstate,#084128,https://logos.tfrrs.org/usc-upstate.png,56,Big South,DI Southeast Region
712,Northern Colorado,#0b3e63,https://logos.tfrrs.org/northern-colorado.png,56,Big Sky,DI Mountain Region
643,Western Kentucky,#ae1c22,https://logos.tfrrs.org/western-kentucky.png,55,Conference USA,DI Southeast Region
2474,Niagara,#4f2883,https://logos.tfrrs.org/niagara.png,52,Metro Atlantic,DI Northeast Region
1845,Longwood,#0c2043,https://logos.tfrrs.org/longwood.png,51,IC4A/ECAC,DI Southeast Region
2301,Manhattan,#076f3b,https://logos.tfrrs.org/manhattan.png,56,Mets,DI Northeast Region
2679,Mount St. Mary'S,#26597d,https://logos.tfrrs.org/mount-st-marys.png,56,Metro Atlantic,DI Mid-Atlantic Region
645,UTSA,#233166,https://logos.tfrrs.org/utsa.png,61,The American,DI South Central Region
3312,LIU,#6bb4e4,https://logos.tfrrs.org/LIU.jpg,50,NEC,DI Northeast Region
2390,Delaware State,#e51f2d,https://logos.tfrrs.org/delaware-state.png,51,MEAC,DI Mid-Atlantic Region
2094,Sacred Heart,#ce1b48,https://logos.tfrrs.org/sacred-heart.png,53,NEICAAA,DI Northeast Region
1450,Murray State,#0d2542,https://logos.tfrrs.org/murray-state.png,50,Missouri Valley,DI Southeast Region
1559,Seattle U.,#000000,https://logos.tfrrs.org/svgs/seattle.svg,57,WAC,DI West Region
705,Troy,#872230,https://logos.tfrrs.org/troy.png,50,Sun Belt,DI South Region
1732,Fairfield,#dd373f,https://logos.tfrrs.org/fairfield.png,49,NEICAAA,DI Northeast Region
3205,San Jose St.,#1267ad,https://logos.tfrrs.org/san-jose-state.png,53,Mountain West,DI West Region
2618,Howard,#16416a,https://logos.tfrrs.org/howard.png,60,MEAC,DI Mid-Atlantic Region
1839,Col. of Charleston,#8d0f0b,https://logos.tfrrs.org/college-of-charleston.png,52,CAA,DI Southeast Region
706,Jacksonville,#044c44,https://logos.tfrrs.org/jacksonville.png,50,ASUN,DI South Region
3187,NJIT,#1a1034,https://logos.tfrrs.org/njit.png,52,Mets,DI Mid-Atlantic Region
646,Florida Atlantic,#10467e,https://logos.tfrrs.org/florida-atlantic.png,47,The American,DI South Region
3331,FDU,,,46,NEC,DI Mid-Atlantic Region
1088,Fresno State,#c71230,https://logos.tfrrs.org/fresno-state.png,50,Mountain West,DI West Region
1729,Quinnipiac,#1b3860,https://logos.tfrrs.org/quinnipiac.png,46,NEICAAA,DI Northeast Region
1893,San Diego,#144984,https://logos.tfrrs.org/san-diego.png,45,WCC,DI West Region
1359,N. Carolina A&T,#000000,https://logos.tfrrs.org/svgs/nc-at.svg,47,HBCU,DI Southeast Region
1341,Campbell,#281a0f,https://logos.tfrrs.org/campbell.png,46,CAA,DI Southeast Region
3272,Saint Francis,#b62b30,https://logos.tfrrs.org/saint-francis-pa.png,45,NEC,DI Mid-Atlantic Region
1278,Texas Southern,#7b2848,https://logos.tfrrs.org/texas-southern.png,45,SWAC,DI South Central Region
1266,Ut-Rio Grande Valley,#000000,https://logos.tfrrs.org/svgs/utrgv.svg,51,WAC,DI South Central Region
342,Southern Illinois,#321111,https://logos.tfrrs.org/southern-illinois.png,68,Missouri Valley,DI Midwest Region
2092,Hartford,#bb2224,https://logos.tfrrs.org/hartford.png,40,NEICAAA,DI Northeast Region
1955,Nicholls State,#c41231,https://logos.tfrrs.org/nicholls.png,40,Southland Conference,DI South Central Region
1363,UNCW,#000000,https://logos.tfrrs.org/svgs/unc-wilmington.svg,43,CAA,DI Southeast Region
107,Prairie View,#7b6b43,https://logos.tfrrs.org/prairie-view-am.png,42,SWAC,DI South Central Region
2499,Morgan State,#e75222,https://logos.tfrrs.org/morgan-state.png,40,MEAC,DI Mid-Atlantic Region
1364,Citadel,#04162a,https://logos.tfrrs.org/citadel.png,40,Southern Conference,DI Southeast Region
644,FIU,#11213d,https://logos.tfrrs.org/florida-international.png,42,Conference USA,DI South Region
1488,Bethune-Cookman,#8c2a34,https://logos.tfrrs.org/bethune-cookman.png,36,SWAC,DI South Region
1385,Hampton,#1a6dae,https://logos.tfrrs.org/hampton.png,36,IC4A/ECAC,DI Southeast Region
1581,Austin Peay,#c21e32,https://logos.tfrrs.org/austin-peay.png,36,ASUN,DI South Region
3419,Alabama A&M,,,32,SWAC,DI South Region
247,Louisiana Tech,#0c0c95,https://logos.tfrrs.org/louisiana-tech.png,32,Conference USA,DI South Central Region
1366,Gardner-Webb,#bb0404,https://www.tfrrs.org/rails/active_storage/blobs/redirect/eyJfcmFpbHMiOnsibWVzc2FnZSI6IkJBaHBQdz09IiwiZXhwIjpudWxsLCJwdXIiOiJibG9iX2lkIn19--9c1eaedb9aa39a3f5a532331b7d0d4db8196f305/GW_Mascot_Full_rgb.png,30,Big South,DI Southeast Region
2832,Southern,#070707,https://logos.tfrrs.org/southern.png,36,SWAC,DI South Central Region
1562,Jackson State,#051f3e,https://logos.tfrrs.org/jackson-state.png,29,SWAC,DI South Region
1384,Maryland-Eastern Shore,#000000,https://logos.tfrrs.org/svgs/md-east-shore.svg,26,MEAC,DI Mid-Atlantic Region
1564,Northwestern St.,#6b399a,https://logos.tfrrs.org/northwestern-state.png,32,Southland Conference,DI South Central Region
2836,Alcorn State,#54256f,https://logos.tfrrs.org/alcorn-state.png,46,SWAC,DI South Region
1511,Presbyterian,#0b65ac,https://logos.tfrrs.org/presbyterian.png,22,Big South,DI Southeast Region
1582,Tennessee St.,#27190e,https://logos.tfrrs.org/tennessee-state.png,13,Ohio Valley,DI South Region
700,Alabama State,#84640c,https://logos.tfrrs.org/alabama-state.png,10,SWAC,DI South Region
2711,Arkansas-Pine Bluff,#783f14,https://logos.tfrrs.org/arkansas-pine-bluff.png,15,SWAC,DI South Central Region
3225,South Carolina St.,#892435,https://logos.tfrrs.org/south-carolina-state.png,7,MEAC,DI Southeast Region
1695,Chicago State,#0f493b,https://logos.tfrrs.org/chicago-state.png,12,,DI Midwest Region
1563,Mississippi Valley,#104826,https://logos.tfrrs.org/mississippi-valley-state.png,-34,SWAC,DI South Region
1561,Grambling,#735c1e,https://logos.tfrrs.org/grambling-state.png,-42,SWAC,DI South Central Region
248,ULM,#000000,none,N/A,Sun Belt,DI South Central Region
979,New Jersey Institute,#000000,none,N/A,Mets,DI Mid-Atlantic Region
707,Florida A&M,#191919,https://logos.tfrrs.org/florida-am.png,N/A,SWAC,DI South Region
1558,Loyola Marymount,#8b0d3a,https://logos.tfrrs.org/loyola-marymount.png,66,WCC,DI West Region
2096,Fairleigh Dickinson,#000000,none,N/A,NEC,DI Mid-Atlantic Region
692,Miss State,#6a1212,https://logos.tfrrs.org/mississippi-state.png,N/A,SEC,DI South Region
